"Taxa","Phenotype1","Phenotype2"
"YT002",3,3
"YT004",3,3
"YT005",4,5
"YT007",2,1
"YT008",2,1
"YT009",2,1
"YT010",3,3
"YT011",3,3
"YT012",4,5
"YT013",5,5
"YT015",2,1
"YT018",3,3
"YT019",2,1
"YT020",5,5
"YT021",2,1
"YT022",2,1
"YT023",2,1
"YT024",2,1
"YT025",3,3
"YT026",2,1
"YT027",5,5
"YT028",5,5
"YT029",3,3
"YT030",3,3
"YT031",2,1
"YT033",2,1
"YT034",1,1
"YT035",3,3
"YT038",4,5
"YT040",4,5
"YT044",4,5
"YT045",5,5
"YT048",2,1
"YT049",4,5
"YT050",2,1
"YT051",3,3
"YT052",2,1
"YT054",4,5
"YT055",3,3
"YT056",2,1
"YT057",5,5
"YT058",4,5
"YT059",5,5
"YT060",3,3
"YT061",2,1
"YT062",3,3
"YT067",4,5
"YT068",4,5
"YT069",5,5
"YT070",2,1
"YT071",2,1
"YT072",4,5
"YT073",2,1
"YT074",2,1
"YT075",3,3
"YT076",2,1
"YT077",4,5
"YT078",4,5
"YT080",5,5
"YT081",4,5
"YT082",4,5
"YT083",5,5
"YT084",3,3
"YT085",1,1
"YT086",3,3
"YT087",3,3
"YT089",5,5
"YT090",3,3
"YT092",3,3
"YT093",4,5
"YT094",3,3
"YT096",3,3
"YT097",2,1
"YT100",4,5
"YT101",2,1
"YT102",1,1
"YT103",2,1
"YT104",4,5
"YT105",4,5
"YT106",2,1
"YT107",2,1
"YT109",2,1
"YT110",2,1
"YT111",2,1
"YT112",1,1
"YT113",2,1
"YT114",3,3
"YT115",4,5
"YT116",4,5
"YT118",3,3
"YT119",2,1
"YT121",3,3
"YT122",4,5
"YT123",2,1
"YT124",5,5
"YT126",3,3
"YT127",3,3
"YT129",4,5
"YT130",1,1
"YT131",2,1
"YT132",4,5
"YT135",5,5
"YT136",3,3
"YT137",5,5
"YT138",2,1
"YT140",2,1
"YT141",3,3
"YT144",3,3
"YT145",3,3
"YT146",5,5
"YT147",4,5
"YT150",4,5
"YT151",1,1
"YT152",4,5
"YT156",2,1
"YT157",3,3
"YT158",2,1
"YT159",5,5
"YT160",2,1
"YT161",3,3
"YT162",2,1
"YT163",3,3
"YT166",2,1
"YT167",2,1
"YT168",2,1
"YT169",2,1
"YT171",5,5
"YT172",4,5
"YT173",2,1
"YT174",3,3
"YT175",2,1
"YT176",2,1
"YT177",1,1
"YT179",2,1
"YT181",2,1
"YT183",2,1
"YT186",4,5
"YT187",5,5
"YT188",2,1
"YT190",2,1
"YT191",3,3
"YT192",3,3
"YT193",2,1
"YT195",2,1
"YT196",2,1
"YT199",2,1
"YT201",3,3
"YT202",1,1
"YT204",2,1
"YT205",2,1
"YT206",2,1
"YT207",2,1
"YT209",3,3
"YT210",5,5
"YT211",3,3
"YT212",1,1
"YT214",3,3
